"Page","Id","Type","X","Y","Width","Height"
"  嘉聯","0f759618e06b02077b40","shape","0","0","220","720"
"  嘉聯","d8e48a727e9039ed28d7","actionButton","0","0","114.3","35.0"
"  嘉聯","daad96f261160a3e1b85","shape","0","0","285.6","402.2"
"  嘉聯","7fa930e55ee09c80025e","textbox","17.8","8.7","115.1","32.1"
"  嘉聯","f84f49608cdd86aa02c3","image","20","18","180","70"
"  嘉聯","c902eae5618023d90a82","textbox","251.4","24.7","435.6","42.0"
"  嘉聯","1e4bd8927c03de1c413d","cardVisual","155.9","43.5","112.9","88.4"
"  嘉聯","38f34bf1907a189c0b83","listSlicer","18.9","43.8","128.0","88.2"
"  嘉聯","b09aac55369f39d7d700","shape","761","45.7","501.2","56.9"
"  嘉聯","e93f6a40916e114101c1","actionButton","0","46.0","113.7","35.0"
"  嘉聯","fec72170073053407b5a","slicer","819.2","51.5","204.4","48.1"
"  嘉聯","84a16140e1e0dbe64303","textbox","240","52.9","496.4","59.5"
"  嘉聯","0b408335dce35db708b1","advancedSlicerVisual","1083.9","54.6","169.4","39.4"
"  嘉聯","83e831f30d65062c8738","textbox","764.2","59.8","72.0","29.4"
"  嘉聯","96847e53a6440db96557","textbox","1013.2","60.2","76.2","27.5"
"  嘉聯","d4a40b2e45c524e6beae","image","0","73","220","647"
"  嘉聯","6e6c8f773272acb1e616","textbox","20.6","100","180","37.5"
"  嘉聯","d315088ee8e00edd2c61","shape","20","115.9","180","45.9"
"  嘉聯","9fa8fd871d4ec4f8f9e7","shape","247.6","123.0","254","170"
"  嘉聯","2e5c878a2e54b5dcd420","shape","513.3","123.3","748.9","170"
"  嘉聯","994f62e8cbb471a13b05","cardVisual","529.5","136.4","144.7","144.2"
"  嘉聯","b58de1639e1a2a9a7e98","cardVisual","674.2","136.4","144.7","144.2"
"  嘉聯","df3f0881096313614224","cardVisual","818.9","136.4","144.7","144.2"
"  嘉聯","ebe16414062332d79c45","cardVisual","963.6","136.4","144.7","144.2"
"  嘉聯","e327f76b9edbbb75a380","cardVisual","1108.2","136.4","143.0","144.2"
"  嘉聯","2acffc60252458675db2","advancedSlicerVisual","535.0","139.0","595","136"
"  嘉聯","47b8d3612d00b7d117fc","textbox","270","139.2","104.6","37.7"
"  嘉聯","29626b3414e4b276cca6","advancedSlicerVisual","1116.4","140.8","131.4","133.6"
"  嘉聯","36b54e179601df15fa0f","image","826","142","41.8","41.4"
"  嘉聯","4fd93d3c36f40e7635ea","image","972","142","41.8","41.4"
"  嘉聯","1838347b1676e8008c28","image","683.2","142.4","41.8","41.4"
"  嘉聯","2f7eb87147a3ee58c8b5","image","1115","142.6","41.8","41.4"
"  嘉聯","c6cfc899d0f500fdbae3","image","538.1","142.7","41.8","41.4"
"  嘉聯","4bd5373752267403b916","shape","19.2","143.5","249.6","245.7"
"  嘉聯","3357636662f07b710976","textbox","1128.5","147","117.7","51.5"
"  嘉聯","03b4fe3b7cae6e674ca4","textbox","580","147.7","86.9","29.2"
"  嘉聯","32ed04dc8c8283d12042","textbox","696.2","147.7","119.2","50"
"  嘉聯","0f839fc2b05a00203b84","textbox","982.3","147.7","117.7","51.5"
"  嘉聯","6108f2972ba5f678def9","textbox","854.8","148","104.4","50"
"  嘉聯","b75965337d4ead9e26d2","cardVisual","25.3","149.2","144.3","51.4"
"  嘉聯","3445cdd21a1abddeab3c","actionButton","225.0","149.3","32.3","29.5"
"  嘉聯","98fc7167cadd1a8d39da","cardVisual","257.9","151.5","134.6","99.2"
"  嘉聯","be1b459f77e8dc1a0da7","actionButton","193.5","153.6","26.6","25.1"
"  嘉聯","24578b969801203c5947","actionButton","20.4","155.8","180","35.0"
"  嘉聯","card2_11111111111111","cardVisual","527.0","180.0","82.9","91.4"
"  嘉聯","card3_22222222222222","cardVisual","671.3","180.0","82","91"
"  嘉聯","card4_33333333333333","cardVisual","816.3","180.0","82","91"
"  嘉聯","card5_44444444444444","cardVisual","958.9","181.4","82","91"
"  嘉聯","card6_55555555555555","cardVisual","1105.3","181.4","82","91"
"  嘉聯","64fb9a9f750de020a526","tableEx","25.3","187.0","243.4","194.2"
"  嘉聯","f9ae94159db2aa0ccad3","actionButton","20.4","201.9","179.0","35.0"
"  嘉聯","d7d774f4e87a616092aa","hundredPercentStackedBarChart","257.7","227.5","230.6","67.5"
"  嘉聯","8750f91e4aa246602190","textbox","20.0","270","180","37"
"  嘉聯","d903678a225849b04e69","shape","20.0","286","180","45"
"  嘉聯","ad6bb1afbf40c0021eb3","shape","247.5","307.5","1016.2","392.5"
"  嘉聯","dbfd2df41c25e348f9c0","image","1100.0","322.0","145","50"
"  嘉聯","a5a77f4b69dc839b5de0","shape","263.0","323.0","981","49"
"  嘉聯","20e8d6271cc7093cd4c2","cardVisual","291.3","324.6","748","36"
"  嘉聯","47c60e0328bcd1a6996e","pageNavigator","18.3","326.7","182.5","183.3"
"  嘉聯","795e211120df181f8457","image","273.5","330","30.5","33.8"
"  嘉聯","c9matrix000000000001","pivotTable","262.5","383.8","982.5","281.2"
"  嘉聯","f56122d3408700346c00","textbox","20","530","180","40"
"  嘉聯","e7d0a6bf1e76488167ca","textbox","15","564","120","32"
"  嘉聯","515d7695554d10a22990","slicer","20","589.4","180","58"
"  嘉聯","d34803401dadd0addc33","textbox","535.8","667.3","708.9","32.5"
"  嘉聯","bf344b599ca107d7024e","actionButton","135.2","681.1","29.8","30"
"  嘉聯","38614cc2004260b03106","actionButton","95.8","681.3","30.1","30.3"
"  嘉聯","f0368f97ec1e40cb3d04","actionButton","55","681.7","30.1","30.3"
