"Page","Id","Type","Title","X","Y","Width","Height","Z"
"  嘉聯","e327f76b9edbbb75a380","cardVisual","已完成数","1109","137","143","145","0"
"  嘉聯","0f759618e06b02077b40","shape","top_bg","0","0","220","720","0"
"  嘉聯","24578b969801203c5947","actionButton","返回首页","21","156","180","35","0"
"  嘉聯","daad96f261160a3e1b85","shape","左侧背景","0","0","286","403","0"
"  嘉聯","f0368f97ec1e40cb3d04","actionButton","导出","55","682","31","31","0"
"  嘉聯","b09aac55369f39d7d700","shape","卡片底板","761","46","502","57","0"
"  嘉聯","card3_22222222222222","cardVisual","进行中数","672","181","82","91","0"
"  嘉聯","f56122d3408700346c00","textbox","页面标题","20","530","180","40","0"
"  嘉聯","a5a77f4b69dc839b5de0","shape",,"263","323","981","49","0"
"  嘉聯","96847e53a6440db96557","textbox","副标题","1014","61","77","28","0"
"  嘉聯","e93f6a40916e114101c1","actionButton","刷新","0","47","114","35","0"
"  嘉聯","47c60e0328bcd1a6996e","pageNavigator",,"19","327","183","184","0"
"  嘉聯","2acffc60252458675db2","advancedSlicerVisual","卡片名","536","140","595","136","0"
"  嘉聯","c902eae5618023d90a82","textbox","说明文字","252","25","436","43","0"
"  嘉聯","d315088ee8e00edd2c61","shape",,"20","116","180","46","0"
"  嘉聯","84a16140e1e0dbe64303","textbox","数据来源","240","53","497","60","0"
"  嘉聯","9fa8fd871d4ec4f8f9e7","shape",,"248","124","254","170","0"
"  嘉聯","83e831f30d65062c8738","textbox",,"765","60","72","30","0"
"  嘉聯","df3f0881096313614224","cardVisual","已完成数","819","137","145","145","1000"
"  嘉聯","0b408335dce35db708b1","advancedSlicerVisual","当月报告","1084","55","170","40","1000"
"  嘉聯","f9ae94159db2aa0ccad3","actionButton",,"21","202","179","35","1000"
"  嘉聯","d7d774f4e87a616092aa","hundredPercentStackedBarChart","已完成数","258","228","231","68","1000"
"  嘉聯","20e8d6271cc7093cd4c2","cardVisual","筛选摘要","292","325","748","36","1000"
"  嘉聯","4bd5373752267403b916","shape",,"20","144","250","246","1000"
"  嘉聯","6e6c8f773272acb1e616","textbox",,"21","100","180","38","1000"
"  嘉聯","card4_33333333333333","cardVisual","未开始暂停数","817","181","82","91","1000"
"  嘉聯","d903678a225849b04e69","shape",,"20","286","180","45","1000"
"  嘉聯","d8e48a727e9039ed28d7","actionButton",,"0","0","115","35","1000"
"  嘉聯","fec72170073053407b5a","slicer","Date","820","52","205","49","1000"
"  嘉聯","ad6bb1afbf40c0021eb3","shape",,"248","308","1017","393","1000"
"  嘉聯","38614cc2004260b03106","actionButton",,"96","682","31","31","1000"
"  嘉聯","515d7695554d10a22990","slicer","team","20","590","180","58","1000"
"  嘉聯","bf344b599ca107d7024e","actionButton",,"136","682","30","30","2000"
"  嘉聯","98fc7167cadd1a8d39da","cardVisual","任务总数","258","152","135","100","2000"
"  嘉聯","2e5c878a2e54b5dcd420","shape",,"514","124","749","170","2000"
"  嘉聯","1e4bd8927c03de1c413d","cardVisual","待办事项","156","44","113","89","2000"
"  嘉聯","card6_55555555555555","cardVisual","逾期数","1106","182","82","91","2000"
"  嘉聯","e7d0a6bf1e76488167ca","textbox",,"15","564","120","32","2000"
"  嘉聯","8750f91e4aa246602190","textbox",,"20","270","180","37","2000"
"  嘉聯","29626b3414e4b276cca6","advancedSlicerVisual","卡片名","1117","141","132","134","2000"
"  嘉聯","ebe16414062332d79c45","cardVisual","已完成数","964","137","145","145","2000"
"  嘉聯","d4a40b2e45c524e6beae","image","公司Logo","0","73","220","647","3000"
"  嘉聯","de2f7486b27c0bf2873e","image","顯示數據","1101","323","145","50","3000"
"  嘉聯","card5_44444444444444","cardVisual","取消数","959","182","82","91","3000"
"  嘉聯","b58de1639e1a2a9a7e98","cardVisual","已完成数","675","137","145","145","3000"
"  嘉聯","3445cdd21a1abddeab3c","actionButton",,"225","150","33","30","3000"
"  嘉聯","f84f49608cdd86aa02c3","image","图标","20","18","180","70","4000"
"  嘉聯","994f62e8cbb471a13b05","cardVisual","已完成数","530","137","145","145","4000"
"  嘉聯","be1b459f77e8dc1a0da7","actionButton",,"194","154","27","26","4000"
"  嘉聯","card2_11111111111111","cardVisual","已完成数","528","181","83","92","4000"
"  嘉聯","d34803401dadd0addc33","textbox",,"536","668","709","33","4000"
"  嘉聯","42e6066554e3bfbf9587","pivotTable","  项目进度甘特图隱藏","262","383","983","282","4500"
"  嘉聯","38f34bf1907a189c0b83","listSlicer","未完成事项数","19","44","128","89","5000"
"  嘉聯","7fa930e55ee09c80025e","textbox",,"18","9","116","33","6000"
"  嘉聯","b75965337d4ead9e26d2","cardVisual","人员姓名显示","26","150","145","52","7000"
"  嘉聯","64fb9a9f750de020a526","tableEx","项目名称","26","187","244","195","8000"
"  嘉聯","03b4fe3b7cae6e674ca4","textbox",,"580","148","87","30","13000"
"  嘉聯","32ed04dc8c8283d12042","textbox",,"697","148","120","50","14000"
"  嘉聯","6108f2972ba5f678def9","textbox",,"855","148","105","50","15000"
"  嘉聯","0f839fc2b05a00203b84","textbox",,"983","148","118","52","16000"
"  嘉聯","c6cfc899d0f500fdbae3","image","图标","539","143","42","42","17000"
"  嘉聯","1838347b1676e8008c28","image",,"684","143","42","42","18000"
"  嘉聯","36b54e179601df15fa0f","image",,"826","142","42","42","19000"
"  嘉聯","4fd93d3c36f40e7635ea","image",,"972","142","42","42","20000"
"  嘉聯","2f7eb87147a3ee58c8b5","image",,"1115","143","42","42","21000"
"  嘉聯","47b8d3612d00b7d117fc","textbox",,"270","140","105","38","22000"
"  嘉聯","795e211120df181f8457","image",,"274","330","31","34","23000"
"  嘉聯","3357636662f07b710976","textbox",,"1129","147","118","52","24000"
